"imie";"odmiana";"plec";"sylaby"
"Abdon";"Abdonie";"M";"2"
"Abel";"Ablu";"M";"2"
"Abercjusz";"Abercjuszu";"M";"3"
"Abraham";"Abrahamie";"M";"3"
"Absalon";"Absalonie";"M";"3"
"Achacjusz";"Achacjuszu";"M";"3"
"Achacy";"Achacy";"M";"3"
"Achilles";"Achillesie";"M";"3"
"Ada";"Ado";"K";"2"
"Adalbert";"Adalbercie";"M";"3"
"Adam";"Admie";"M";"2"
"Adamina";"Adamino";"K";"4"
"Adaukt";"Adaukcie";"M";"2"
"Addar";"Addarze";"M";"2"
"Adela";"Adelo";"K";"3"
"Adelajda";"Adelajdo";"K";"4"
"Adelina";"Adelino";"K";"4"
"Ado";"Ado";"M";"2"
"Adolf";"Adolfie";"M";"2"
"Adolfa";"Adolfo";"K";"3"
"Adolfina";"Adolfino";"K";"4"
"Adria";"Adrio";"K";"2"
"Adrian";"Adrianie";"M";"2"
"Adriana";"Adriano";"K";"3"
"Adrianna";"Adrianno";"K";"3"
"Afanazy";"Anafazy";"M";"4"
"Afrodyta";"Afrodyto";"K";"4"
"Aga";"Ago";"K";"2"
"Agapit";"Agapicie";"M";"3"
"Agata";"Agato";"K";"3"
"Agaton";"Agatonie";"M";"3"
"Agatonik";"Agatoniku";"M";"4"
"Agenor";"Agenorze";"M";"3"
"Ageusz";"Ageuszu";"M";"3"
"Agnieszka";"Agnieszko";"K";"3"
"Agrypina";"Agrypino";"K";"4"
"Aida";"Aido";"K";"3"
"Aisza";"Aiszo";"K";"3"
"Alan";"Alanie";"M";"2"
"Alban";"Albanie";"M";"2"
"Albaniusz";"Albaniuszu";"M";"3"
"Albert";"Albercie";"M";"2"
"Alberta";"Alberto";"K";"3"
"Albertyna";"Albertyno";"K";"4"
"Albin";"Albinie";"M";"2"
"Albina";"Albino";"K";"3"
"Albrecht";"Albrechcie";"M";"2"
"Aldona";"Aldono";"K";"3"
"Aleksander";"Aleksandrze";"M";"4"
"Aleksandra";"Aleksandro";"K";"4"
"Aleksy";"Aleksy";"M";"3"
"Alf";"Alfie";"M";"1"
"Alfons";"Alfonsie";"M";"2"
"Alfonsyna";"Alfonsyno";"K";"4"
"Alfred";"Alfredzie";"M";"2"
"Alfreda";"Alfredo";"K";"3"
"Ali";"Ali";"M";"2"
"Alicja";"Alicjo";"K";"3"
"Alina";"Alino";"K";"3"
"Alma";"Almo";"K";"2"
"Alojza";"Alojzo";"K";"3"
"Alojzy";"Alojzy";"M";"3"
"Alpinian";"Alpininie";"M";"3"
"Amadea";"Amadeo";"K";"4"
"Amadeusz";"Amadeuszu";"M";"4"
"Amalia";"Amalio";"K";"3"
"Amata";"Amato";"K";"3"
"Ambroży";"Ambroży";"M";"3"
"Amedeusz";"Amedeuszu";"M";"4"
"Amelia";"Amelio";"K";"3"
"Amiceta";"Amiceto";"K";"4"
"Amin";"Aminie";"M";"2"
"Amon";"Amonie";"M";"2"
"Amos";"Amosie";"M";"2"
"Ananiasz";"Amaniaszu'';l";"M";"3"
"Anastazja";"Anastazjo";"K";"4"
"Anastazy";"Anastazy";"M";"4"
"Anatol";"Anatolu";"M";"3"
"Anatolia";"Anatolino";"K";"4"
"Andonik";"Andoniku";"M";"3"
"Andromeda";"Andromedo";"K";"4"
"Andron";"Andronie";"M";"2"
"Andrzej";"Andrzeju";"M";"2"
"Aneta";"Aneto";"K";"3"
"Angel";"Angelu";"M";"2"
"Angela";"Angelo";"K";"3"
"Angelika";"Angeliko";"K";"4"
"Angelina";"Angelino";"K";"4"
"Angelus";"Angelusie";"M";"3"
"Anicet";"Anicety";"M";"3"
"Aniceta";"Aniceto";"K";"4"
"Aniela";"Anielo";"K";"3"
"Anita";"Anito";"K";"3"
"Anna";"Anno";"K";"2"
"Antoni";"Antoni";"M";"3"
"Antonin";"Antoninie";"M";"3"
"Antonina";"Antonino";"K";"4"
"Antym";"Antymie";"M";"2"
"Anzelm";"Anzelmie";"M";"2"
"Apolinary";"Apolinary";"M";"3"
"Apollo";"Apollo";"M";"3"
"Apolonia";"Apolino";"K";"4"
"Apoloniusz";"Apoloniuszu";"M";"4"
"Areta";"Areto";"K";"3"
"Ariadna";"Ariadno";"K";"3"
"Ariel";"Arielu";"M";"2"
"Ariela";"Arielo";"K";"3"
"Arkadiusz";"Arkadiuszu";"M";"3"
"Arkady";"Arkady";"M";"3"
"Arleta";"Arleto";"K";"3"
"Arletta";"Arletto";"K";"3"
"Arnold";"Arnoldzie";"M";"2"
"Arnolf";"Arnolfie";"M";"2"
"Aron";"Aronie";"M";"2"
"Arseniusz";"Arseniuszu";"M";"3"
"Artemon";"Artemonie";"M";"3"
"Artur";"Arturze";"M";"2"
"Artus";"Artusie";"M";"2"
"Arystarch";"Arystarchu";"M";"3"
"Aspazja";"Aspazjo";"K";"3"
"Asteria";"Asterio";"K";"3"
"Asteriusz";"Asteriuszu";"M";"3"
"Atanazja";"Atanazjo";"K";"4"
"Atanazy";"Atanazy";"M";"4"
"August";"Auguście";"M";"2"
"Augusta";"Augusto";"K";"3"
"Augustyn";"Augustynie";"M";"3"
"Augustyna";"Augustyno";"K";"4"
"Auksencjusz";"Auksencjuszu";"M";"3"
"Aurela";"Aurelo";"K";"3"
"Aureli";"Aureli";"M";"3"
"Aurelia";"Aurelio";"K";"3"
"Aurelian";"Aurelianie";"M";"3"
"Aureliusz";"Aureliuszu";"M";"3"
"Aurora";"Auroro";"K";"3"
"Axel";"Axelu";"M";"2"
"Balbin";"Balbinie";"M";"2"
"Balbina";"Balbino";"K";"3"
"Balcer";"Balcerzu";"M";"2"
"Baltazar";"Baltazarze";"M";"3"
"Barabasz";"Barabaszu";"M";"3"
"Barbara";"Barbaro";"K";"3"
"Barnaba";"Barnabo";"M";"3"
"Bartłomiej";"Bartłomieju";"M";"3"
"Bartolomea";"Bartolomeo";"K";"5"
"Bartosz";"Bartoszu";"M";"2"
"Bazyli";"Bazyli";"M";"3"
"Bazylid";"Bazylid";"M";"3"
"Bazylis";"Bazylisie";"M";"3"
"Bazylissa";"Bazyliasso";"K";"4"
"Bazyliusz";"Bazyliuszu";"M";"3"
"Będzimir";"Będzimirze";"M";"3"
"Będzisław";"Będzisławie";"M";"3"
"Będzisława";"Będzisławo";"K";"4"
"Bean";"Beanie";"M";"2"
"Beata";"Beato";"K";"3"
"Beatrice";"Baetrice";"K";"4"
"Beatrycze";"Beatrycze";"K";"4"
"Beatryks";"Beatryksie";"M";"3"
"Beatus";"Beatusie";"M";"3"
"Beda";"Bedo";"K";"2"
"Begina";"Begino";"K";"3"
"Benedykt";"Benedykcie";"M";"3"
"Benedykta";"Benedykto";"K";"4"
"Beniamin";"Beniminie";"M";"3"
"Benicjusz";"Benicjuszu";"M";"3"
"Benigna";"Benigno";"K";"3"
"Benignus";"Benignusie";"M";"3"
"Benita";"Benito";"K";"3"
"Benon";"Benonie";"M";"2"
"Berenika";"Bereniko";"K";"4"
"Berenike";"Berenike";"K";"4"
"Berna";"Berno";"K";"2"
"Bernadeta";"Bernadeto";"K";"4"
"Bernadetta";"Bernadetto";"K";"4"
"Bernard";"Bernardzie";"M";"2"
"Bernardeta";"Bernadeto";"K";"4"
"Bernardyn";"Bernardynie";"M";"3"
"Bernardyna";"Bernardyno";"K";"4"
"Berno";"Berno";"M";"2"
"Berta";"Berto";"K";"2"
"Bertold";"Bertoldzie";"M";"2"
"Bertram";"Bertramie";"M";"2"
"Bertrand";"Bertrandzie";"M";"2"
"Bibianna";"Bibiano";"K";"3"
"Biernat";"Biernacie";"M";"2"
"Biruta";"Biruto";"K";"3"
"Bjorn";"Bjornie";"M";"1"
"Blandyn";"Blandynie";"M";"2"
"Blandyna";"Blandyno";"K";"3"
"Blanka";"Blanko";"K";"2"
"Blizbor";"Blizborze";"M";"2"
"Błażej";"Błażeju";"M";"2"
"Bogdan";"Bogdanie";"M";"2"
"Bogdana";"Bogdano";"K";"3"
"Bogna";"Bogno";"K";"2"
"Boguchwał";"Boguchwale";"M";"3"
"Boguchwała";"Boguchwało";"K";"4"
"Bogudar";"Bogudarze";"M";"3"
"Bogumił";"Bogumile";"M";"3"
"Bogumiła";"Bogumiło";"K";"4"
"Bogumir";"Bogumirze";"M";"3"
"Bogurad";"Boguradzie";"M";"3"
"Bogusąd";"Bogusądzie";"M";"3"
"Bogusław";"Bogusławie";"M";"3"
"Bogusława";"Bogusławo";"K";"4"
"Bogusz";"Boguszu";"M";"2"
"Boguta";"Boguto";"K";"3"
"Boguwola";"Boguwolo";"K";"4"
"Bohdan";"Bohdanie";"M";"2"
"Bohdana";"Bohdano";"K";"3"
"Bohusz";"Bohuszu";"M";"2"
"Bolebor";"Boleborze";"M";"3"
"Boleczest";"Boleczeście";"M";"3"
"Bolemir";"Bolemirze";"M";"3"
"Bolemysł";"Bolemyślu";"M";"3"
"Bolesław";"Bolesławie";"M";"3"
"Bolesława";"Bolesławo";"K";"4"
"Bolisława";"Bolisławo";"K";"4"
"Bonawentura";"Bonawenturze";"M";"5"
"Bonifacy";"Bonifacy";"M";"3"
"Bończa";"Bończa";"K";"2"
"Borys";"Borysie";"M";"2"
"Borysław";"Borysławie";"M";"3"
"Borzymir";"Borzymirze";"M";"3"
"Borzysław";"Borzysławie";"M";"3"
"Borzysława";"Borzysławo";"K";"4"
"Borzywoj";"Borzywoju";"M";"3"
"Bożebor";"Bożeborze";"M";"3"
"Bożeciech";"Bożeciechu";"M";"3"
"Bożeciecha";"Bożeciecho";"K";"4"
"Bożena";"Bożeno";"K";"3"
"Bożydar";"Bożydarze";"M";"3"
"Bożymierz";"Bożymierzu";"M";"3"
"Bożysław";"Bożysławie";"M";"3"
"Bożysława";"Bożysławo";"K";"4"
"Bożywoj";"Bożywoju";"M";"3"
"Bratumił";"Bratumile";"M";"3"
"Bratumiła";"Bratumiło";"K";"4"
"Brodzisław";"Brodzisławie";"M";"3"
"Bronimir";"Bronimirze";"M";"3"
"Bronisław";"Bronisławie";"M";"3"
"Bronisława";"Bronisławo";"K";"4"
"Bronisz";"Broniszu";"M";"2"
"Broniwoj";"Broniwoju";"M";"3"
"Bruno";"Bruno";"M";"2"
"Brunon";"Brunonie";"M";"2"
"Bryda";"Brydo";"K";"2"
"Brygida";"Brygido";"K";"3"
"Brykcjusz";"Brykcjuszu";"M";"2"
"Budzigniew";"Budzigniewie";"M";"3"
"Budzimir";"Burzimirze";"M";"3"
"Budzisław";"Budzisławie";"M";"3"
"Budzisława";"Budzisławo";"K";"4"
"Budzisz";"Budziszu";"M";"2"
"Budziwoj";"Budziwoju";"M";"3"
"Burchard";"Burchardzie";"M";"2"
"Carmen";"Carmeno";"K";"2"
"Cecyl";"Cecylu";"M";"2"
"Cecylia";"Cecylio";"K";"3"
"Cecylian";"Cecylianie";"M";"3"
"Cecyliusz";"Cecyliuszu";"M";"3"
"Celestyn";"Celestynie";"M";"3"
"Celestyna";"Celestyno";"K";"4"
"Celina";"Celino";"K";"3"
"Cezara";"Cezarze";"K";"3"
"Cezariusz";"Cezariuszu";"M";"3"
"Cezary";"cezary";"M";"3"
"Cezaryna";"Cezaryno";"K";"4"
"Charyzjusz";"Charyzjuszu";"M";"3"
"Chociebor";"Chocieborze";"M";"3"
"Chociemir";"Chociemirze";"M";"3"
"Chociesław";"Chociesławie";"M";"3"
"Chrystian";"Chrystianie";"M";"2"
"Chryzant";"Chryzancie";"M";"2"
"Chwalibóg";"Chwaliboże";"M";"3"
"Chwalimir";"Chwlimirze";"M";"3"
"Chwalimira";"Chwalimiro";"K";"4"
"Chwalisław";"Chwalisławie";"M";"3"
"Chwalisława";"Chwalisławo";"K";"4"
"Cibor";"Ciborze";"M";"2"
"Ciechomir";"Ciechomirze";"M";"3"
"Ciechosław";"Ciechosławii";"M";"3"
"Ciechosława";"Ciechosławo";"K";"4"
"Cierpisław";"Cierpisławie";"M";"3"
"Cieszybor";"Cieszyborze";"M";"3"
"Cieszygor";"Cieszygorze";"M";"3"
"Cieszymir";"Cieszymirze";"M";"3"
"Cieszymysł";"Cieszymyśle";"M";"3"
"Cieszyrad";"Cieszyrardzie";"M";"3"
"Cieszysław";"Cieszysławie";"M";"3"
"Cieszysława";"Cieszysławo";"K";"4"
"Cyntia";"Cyntio";"K";"2"
"Cyprian";"Cyprianie";"M";"2"
"Cyriak";"Cyriaku";"M";"2"
"Cyriaka";"Cyriako";"K";"3"
"Cyrus";"Cyrusie";"M";"2"
"Cyryl";"Cyrylu";"M";"2"
"Czcibor";"Czciborze";"M";"2"
"Czcibora";"Czciboro";"K";"3"
"Czcirad";"Czciradzie";"M";"2"
"Czcisław";"Czcisławie";"M";"2"
"Czech";"Czechu";"M";"1"
"Czechasz";"Czechaszu";"M";"2"
"Czechoń";"Czechoniu";"M";"2"
"Czesemir";"Czesemirze";"M";"3"
"Czesław";"Czesławie";"M";"2"
"Czesława";"Czesławo";"K";"3"
"Częstobor";"Częstoborze";"M";"3"
"Częstogniew";"Częstogniewie";"M";"3"
"Częstomir";"Częstomirze";"M";"3"
"Częstowoj";"Częstowoju";"M";"3"
"Dacjan";"Dacjanie";"M";"2"
"Dadąbog";"Dadąbogu";"M";"2"
"Dagmara";"Dagmaro";"K";"3"
"Dagna";"Dagno";"K";"2"
"Dagobert";"Dagobercie";"M";"3"
"Dalebor";"Daleborze";"M";"3"
"Dalegor";"Dalegorze";"M";"3"
"Dalemir";"Dalemirze";"M";"3"
"Dalia";"Dalio";"K";"2"
"Dalida";"Dalido";"K";"3"
"Damazy";"Damazy";"M";"3"
"Damian";"Damianie";"M";"2"
"Dan";"Danie";"M";"1"
"Daniel";"Danielu";"M";"2"
"Daniela";"Danielo";"K";"3"
"Danisz";"Daniuszu";"M";"2"
"Danuta";"Danuto";"K";"3"
"Daria";"Dario";"K";"2"
"Dariusz";"Dariuszu";"M";"2"
"Darosław";"Darosławie";"M";"3"
"Dawid";"Dawidzie";"M";"2"
"Dawida";"Dawido";"K";"3"
"Dąbrówka";"Dąbrówko";"K";"3"
"Delfin";"Dalfinie";"M";"2"
"Delfina";"Delfino";"K";"3"
"Demetria";"Demetrio";"K";"3"
"Demetriusz";"Demetriuszu";"M";"3"
"Demokryt";"Demokrycie";"M";"3"
"Dersław";"Deresławie";"M";"2"
"Dezyderia";"Dezyderio";"K";"4"
"Dezyderiusz";"Dezyderiuszu";"M";"4"
"Dezydery";"Dezydery";"M";"4"
"Diana";"Diano";"K";"2"
"Dianna";"Dianno";"K";"2"
"Dina";"Dinno";"K";"2"
"Diogenes";"Diogenesie";"M";"3"
"Diomada";"Diomado";"K";"3"
"Dionizja";"Dionizjo";"K";"3"
"Dionizjusz";"Dionizjuszu";"M";"3"
"Dionizy";"Dioizy";"M";"3"
"Ditta";"Ditto";"K";"2"
"Długosz";"Długoszu";"M";"2"
"Dobiegniew";"Dobiegniewie";"M";"3"
"Dobiemiest";"Dobiemiescie";"M";"3"
"Dobiemir";"Dobiemirze";"M";"3"
"Dobiesław";"Dobiesławie";"M";"3"
"Dobiesława";"Dobiesławo";"K";"4"
"Dobisława";"Dobisławo";"K";"4"
"Dobrawa";"Dobrawo";"K";"3"
"Dobrocha";"Dobrocho";"K";"3"
"Dobrochna";"Dobrochno";"K";"3"
"Dobrociech";"Dobrociechu";"M";"3"
"Dobrogniew";"Dobrogniewie";"M";"3"
"Dobrogost";"Dobrogoście";"M";"3"
"Dobromierz";"Dobromierzu";"M";"3"
"Dobromił";"Dobromile";"M";"3"
"Dobromiła";"Dobromiło";"K";"4"
"Dobromir";"Dobromirze";"M";"3"
"Dobromira";"Dobromiro";"K";"4"
"Dobromysł";"Dobromyślu";"M";"3"
"Dobronieg";"Dobroniegu";"M";"3"
"Dobroniega";"Dobroniego";"K";"4"
"Dobrosław";"Dobrosławie";"M";"3"
"Dobrosława";"Dobrosławo";"K";"4"
"Dobrowiest";"Dobrowieście";"M";"3"
"Dobrowit";"Dobrowicie";"M";"3"
"DobrowÃ³j";"DobrowÃ³jcie";"M";"3"
"Dobrymir";"Dobrymirze";"M";"3"
"Dolores";"Dolores";"M";"3"
"Domamir";"Domamirze";"M";"3"
"Domarad";"Domaradzie";"M";"3"
"Domarat";"Domaracie";"M";"3"
"Domasław";"Domasławie";"M";"3"
"Domasława";"Domasławo";"K";"4"
"Domawit";"Domawicie";"M";"3"
"Domicela";"Domicelo";"K";"4"
"Domicjan";"Domicjanie";"M";"3"
"Dominik";"Dominiku";"M";"3"
"Dominika";"Dominiko";"K";"4"
"Domisława";"Domisławo";"K";"4"
"Domosław";"Domosławie";"M";"3"
"Domosława";"Domosławo";"K";"4"
"Donat";"Donacie";"M";"2"
"Donata";"Donato";"K";"3"
"Dorian";"Dorianie";"M";"2"
"Doris";"Doris";"M";"2"
"Dorota";"Doroto";"K";"3"
"Dragomir";"Dragomirze";"M";"3"
"Drogomił";"Drogomirze";"M";"3"
"Drogomir";"Drogomirze";"M";"3"
"Drogomysł";"Drogomysławie";"M";"3"
"Drogosław";"Drogosławie";"M";"3"
"Drogosława";"Drogosławo";"K";"4"
"Duszan";"Duszanie";"M";"2"
"Dymitr";"Dymitrze";"M";"2"
"Dymitriusz";"Dymitriuszu";"M";"3"
"Dytrych";"Dytrychu";"M";"2"
"Dyzma";"Dyzmo";"K";"2"
"Dziersław";"Dziersławie";"M";"2"
"Dziersława";"Dziersławo";"K";"3"
"Dzierżykraj";"Dzierżykraju";"M";"3"
"Dzierżymir";"Dzierżymirze";"M";"3"
"Dzierżysław";"Dzierżysławie";"M";"3"
"Dzierżysława";"Dzierżysławo";"K";"4"
"Eberhard";"Eberhardzie";"M";"3"
"Edda";"Eddo";"K";"2"
"Edgar";"Edgardzie";"M";"2"
"Edmund";"Edmundzie";"M";"2"
"Edward";"Edwardzie";"M";"2"
"Edwin";"Edwinie";"M";"2"
"Edyta";"Edyto";"K";"3"
"Efrem";"Efremie";"M";"2"
"Egbert";"Egbercie";"M";"2"
"Egon";"Egonie";"M";"2"
"Eleonora";"Eleonoro";"K";"5"
"Eliasz";"Eliaszu";"M";"2"
"Eliga";"Eligo";"K";"3"
"Eligiusz";"Eligiuszu";"M";"3"
"Eliza";"Elizo";"K";"3"
"Elwira";"Elwiro";"K";"3"
"Elżbieta";"Elżbieto";"K";"3"
"Emanuel";"Emanuelu";"M";"4"
"Emanuela";"Emanuelo";"K";"5"
"Emerencja";"Emerencjo";"K";"4"
"Emeryk";"Emeryku";"M";"3"
"Emil";"Emilu";"M";"2"
"Emilia";"Emilio";"K";"3"
"Emilian";"Emilianie";"M";"3"
"Emiliana";"Emilianno";"K";"4"
"Emiliusz";"Emiliuszu";"M";"3"
"Emma";"Emmo";"K";"2"
"Enema";"Enemo";"K";"3"
"Engelbert";"Engelbercie";"M";"3"
"Enoch";"Enochu";"M";"2"
"Epifan";"Epifanie";"M";"3"
"Epifani";"Epifanie";"M";"4"
"Epifania";"Epifianno";"K";"4"
"Epifaniusz";"Epifaniuszu";"M";"4"
"Erast";"Eraście";"M";"2"
"Erazm";"Eraźmie";"M";"2"
"Erazma";"Erazmo";"K";"3"
"Erhard";"Erhardzie";"M";"2"
"Ernest";"Erneście";"M";"2"
"Ernesta";"Ernesto";"K";"3"
"Ernestyn";"Erestynie";"M";"3"
"Ernestyna";"Erestyno";"K";"4"
"Erwin";"Erwinie";"M";"2"
"Erwina";"Erwino";"K";"3"
"Eryk";"Eryku";"M";"2"
"Eryka";"Eryko";"K";"3"
"Estera";"Estero";"K";"3"
"Euchariusz";"Euchariuszu";"M";"3"
"Eudokia";"Eudokio";"K";"3"
"Eudoksja";"Eudoksjo";"K";"3"
"Eudoksjusz";"Eudoksjuszu";"M";"3"
"Eufemia";"Eufemino";"K";"3"
"Eufrozyna";"Eufrozyno";"K";"4"
"Eugenia";"Eugenio";"K";"3"
"Eugeniusz";"Eugeniuszu";"M";"3"
"Eulalia";"Eulalio";"K";"3"
"Eulogiusz";"Eulogiuszu";"M";"3"
"Eustachiusz";"Eustachiuszu";"M";"3"
"Eustachy";"Eustachy";"M";"3"
"Eutropiusz";"Eutropiuszu";"M";"3"
"Euzebia";"Euzebio";"K";"3"
"Euzebiusz";"Euzebieuszu";"M";"3"
"Ewa";"Ewo";"K";"2"
"Ewald";"Ewaldzie";"M";"2"
"Ewaryst";"Ewaryście";"M";"3"
"Ewdokia";"Ewdokio";"K";"3"
"Ewelin";"Ewelinie";"M";"3"
"Ewelina";"Ewelino";"K";"4"
"Eweryst";"Eweryście";"M";"3"
"Ezechiel";"Ezechielu";"M";"3"
"Fabia";"Fabio";"K";"2"
"Fabian";"Fabianie";"M";"2"
"Fabiola";"Fabiolo";"K";"3"
"Fabrycjan";"Fabrycjanie";"M";"3"
"Fabrycy";"Fabrycy";"M";"3"
"Faust";"Fauście";"M";"2"
"Fausta";"Faustyno";"K";"2"
"Faustyn";"Faustynie";"M";"2"
"Faustyna";"Faustyno";"K";"3"
"Felicja";"Falicjo";"K";"3"
"Felicjan";"Falicjanie";"M";"3"
"Felicjana";"Falicjanno";"K";"4"
"Felicysym";"Falicyśmie";"M";"4"
"Felicyta";"Felicyto";"K";"4"
"Feliks";"Feliksie";"M";"2"
"Ferdynand";"Ferdynandzie";"M";"3"
"Festus";"Festusie";"M";"2"
"Fidelis";"Fidelisie";"M";"3"
"Fides";"Fidesie";"M";"2"
"Filemon";"Filemonie";"M";"3"
"Filip";"Filipie";"M";"2"
"Filipina";"Filipino";"K";"4"
"Filomena";"Filomeno";"K";"4"
"Flawia";"Flawio";"K";"2"
"Flawian";"Flawianie";"M";"2"
"Flawiusz";"Flawiuszu";"M";"2"
"Flora";"Floro";"K";"2"
"Florencjusz";"Florencjuszu";"M";"3"
"Florenty";"Florenty";"M";"3"
"Florentyn";"Florentynie";"M";"3"
"Florentyna";"Florentyno";"K";"4"
"Florian";"Florianie";"M";"2"
"Floryn";"Florynie";"M";"2"
"Fortunat";"Forunacie";"M";"3"
"Fortunata";"Fortunato";"K";"4"
"Franciszek Salezy";"Franciszu Salezy";"M";"6"
"Franciszek";"Franciszku";"M";"3"
"Franciszka";"Franciszko";"K";"3"
"Frumencjusz";"Frumencjuszu";"M";"3"
"Fryda";"Frydo";"K";"2"
"Fryderyk";"Fryderyku";"M";"3"
"Fryderyka";"Fryderyko";"K";"4"
"Frydolin";"Frydolinie";"M";"3"
"Gabin";"Gabinie";"M";"2"
"Gabor";"Gaborze";"M";"2"
"Gabriel";"Gabrielu";"M";"2"
"Gabriela";"Gabrielo";"K";"3"
"Gajusz";"Gajuszu";"M";"2"
"Galezy";"Galezy";"M";"3"
"Gall";"Gallu";"M";"1"
"Galla";"Galo";"K";"2"
"Gallina";"Gallino";"K";"3"
"Ganda";"Gando";"K";"2"
"Gardenia";"Gardenio";"K";"3"
"Gaspar";"Gasparze";"M";"2"
"Gaudencja";"Gaudencjo";"K";"3"
"Gaudencjusz";"Gaudencjuszu";"M";"3"
"Gaudenty";"Gaudenty";"M";"3"
"Gaweł";"Gawle";"M";"2"
"Gawryła";"Gawryło";"K";"3"
"Gebhard";"Gebhardzie";"M";"2"
"Gedeon";"Gedeonie";"M";"3"
"Genowefa";"Genowefo";"K";"4"
"Georgia";"Georgio";"K";"3"
"Georgina";"Georginio";"K";"4"
"Gerald";"Geraldzie";"M";"2"
"Geraldyna";"Geraldyno";"K";"4"
"Gerard";"Gererdzie";"M";"2"
"Gerarda";"Geredo";"K";"3"
"Gerhard";"Gerhardzie";"M";"2"
"German";"Germanie";"M";"2"
"Germanik";"Germaniku";"M";"3"
"Gertruda";"Gertrudo";"K";"3"
"Gerwazy";"Gerwazy";"M";"3"
"Gilbert";"Gilbercie";"M";"2"
"Gilda";"Gildo";"K";"2"
"Gizela";"Gizelo";"K";"3"
"Glikeria";"Glikerio";"K";"3"
"Gloria";"Glorio";"K";"2"
"Gniewomir";"Gniewomirze";"M";"3"
"Gniewosz";"Gniewoszu";"M";"2"
"Goar";"Goarze";"M";"2"
"Godfryd";"Godfrydzie";"M";"2"
"Godzimierz";"Godzimierzu";"M";"3"
"Godzimir";"Godzimirze";"M";"3"
"Godzisław";"Godzisławie";"M";"3"
"Godzisława";"Godzisławo";"K";"3"
"Godzisz";"Godziszu";"M";"2"
"Gorgoncjusz";"Gorgoncjuszu";"M";"3"
"Gorzysław";"Gorzysławie";"M";"3"
"Gosław";"Gosławie";"M";"2"
"Gościmił";"Gościmile";"M";"3"
"Gościmir";"Gościmierze";"M";"3"
"Gościrad";"Gościradzie";"M";"3"
"Gościsław";"Gościsławie";"M";"3"
"Gościsława";"Gościsławo";"K";"4"
"Gościwit";"Gościwicie";"M";"3"
"Gotard";"Gotardzie";"M";"2"
"Gotfryd";"Gotfrydzie";"M";"2"
"Gracja";"Gracjo";"K";"2"
"Gracjan";"Gracjanie";"M";"2"
"Gracjana";"Gracjanno";"K";"3"
"Grażyna";"Grażyno";"K";"3"
"Greta";"Greto";"K";"2"
"Grodzisław";"Grodzisławie";"M";"3"
"Gryzelda";"Gryzeldo";"K";"3"
"Grzegorz";"Grzegorzu";"M";"2"
"Grzymisław";"Grzymisławie";"M";"3"
"Grzymisława";"Grzymisławo";"K";"4"
"Gustaw";"Gustawie";"M";"2"
"Gustawa";"Gustawo";"K";"3"
"Gwidon";"Gwidonie";"M";"2"
"Ida";"Ido";"K";"2"
"Idalia";"Idalio";"K";"3"
"Idzi";"Idzi";"M";"2"
"Ifigenia";"Ifigenio";"K";"4"
"Iga";"Igo";"K";"2"
"Ignacja";"Ignacjo";"K";"3"
"Ignacy";"Ignacy";"M";"3"
"Igor";"Igorze";"M";"2"
"Ildefons";"Ildefoncsie";"M";"3"
"Ilia";"Ilio";"K";"2"
"Ilona";"Ilono";"K";"3"
"Ilza";"Ilzo";"K";"2"
"Imisław";"Imisławie";"M";"3"
"Imisława";"Imisławo";"K";"4"
"Inez";"Iznez";"K";"2"
"Inga";"Ingo";"K";"2"
"Ingeborga";"Ingeborgo";"K";"4"
"Ingrida";"Ingrido";"K";"3"
"Innocenta";"Innocento";"K";"4"
"Innocenty";"Innocenty";"M";"4"
"Irena";"Ireno";"K";"3"
"Ireneusz";"Ireneuszu";"M";"4"
"Irina";"Irino";"K";"3"
"Irma";"Irmo";"K";"2"
"Irmina";"Irmino";"K";"3"
"Irwin";"Irwinie";"M";"2"
"Iryda";"Irydo";"K";"3"
"Irydion";"Irydionie";"M";"3"
"Isaura";"Isauro";"K";"3"
"Ismena";"Ismeno";"K";"3"
"Ita";"Ito";"K";"2"
"Iwa";"Iwo";"K";"2"
"Iwan";"Iwania";"M";"2"
"Iwetta";"Iwetto";"K";"3"
"Iwo";"Iwo";"M";"2"
"Iwon";"Iwono";"M";"2"
"Iwona";"Iwono";"K";"3"
"Izaak";"Izaaku";"M";"3"
"Izabela";"Izabelo";"K";"4"
"Izolda";"Izoldo";"K";"3"
"Izyda";"Izydo";"K";"3"
"Izydor";"Izydore";"M";"3"
"Jacek";"Jacku";"M";"2"
"Jacenty";"Jacenty";"M";"3"
"Jacław";"Jacławie";"M";"2"
"Jaczewoj";"Jaczewoju";"M";"3"
"Jadwiga";"Jadwigo";"K";"3"
"Jagoda";"Jagodo";"K";"3"
"Jakobina";"Jakobino";"K";"4"
"Jakub";"Jakubie";"M";"2"
"Jan Chryzostom";"Janie Chryzostomie";"M";"4"
"Jan Gwalbert";"Janie Gwalbercie";"M";"3"
"Jan Kanty";"Janie Kanty";"M";"3"
"Jan Nepomucen";"Janie Niepomucenie";"M";"5"
"Jan";"Janie";"M";"1"
"Janina";"Janino";"K";"3"
"Janisław";"Janisławie";"M";"3"
"Januaria";"Januario";"K";"4"
"January";"January";"M";"3"
"Janusz";"Januszu";"M";"2"
"Jarema";"Jaremo";"K";"3"
"Jarmiła";"Jarmiło";"K";"3"
"Jarogniew";"Jarogniewie";"M";"3"
"Jaromir";"Jaromirze";"M";"3"
"Jaropełk";"Jaropełku";"M";"3"
"Jarosław";"Jarosławie";"M";"3"
"Jarosława";"Jarosławo";"K";"4"
"Jaśmina";"Jaśmino";"K";"3"
"Jazon";"Jazonie";"M";"2"
"Jeremi";"Jeremi";"M";"3"
"Jeremiasz";"Jeremiaszu";"M";"4"
"Jeron";"Jeronie";"M";"2"
"Jerosława";"Jerosławo";"K";"4"
"Jerzy";"Jerzy";"M";"2"
"Jewdocha";"Jewdocho";"K";"3"
"Jędrzej";"Jędrzeju";"M";"2"
"Joachim";"Joachimie";"M";"3"
"Joachima";"Joachimo";"K";"4"
"Joanna";"Joanno";"K";"3"
"Job";"Jabie";"M";"1"
"Jolanta";"Jolanto";"K";"3"
"Jonasz";"Jonaszu";"M";"2"
"Jonatan";"Jonatanie";"M";"3"
"Jordan";"Jordanie";"M";"2"
"Jowita";"Jowito";"K";"3"
"Jozafat";"Jozafacie";"M";"3"
"JÃ³zef";"JÃ³zefie";"M";"2"
"JÃ³zefa";"JÃ³zefo";"K";"3"
"JÃ³zefat";"JÃ³zefacie";"M";"3"
"JÃ³zefina";"JÃ³zefino";"K";"4"
"Juda";"Judo";"K";"2"
"Judyta";"Judyto";"K";"3"
"Julia";"Julio";"K";"2"
"Julian";"Julianie";"M";"2"
"Julianna";"Julianno";"K";"3"
"Julietta";"Julietto";"K";"3"
"Julita";"Julito";"K";"3"
"Juliusz";"Juliuszu";"M";"2"
"Jurand";"Jurandzie";"M";"2"
"Jurata";"Jurato";"K";"3"
"Justyn";"Justynie";"M";"2"
"Justyna";"Justyno";"K";"3"
"Justynian";"Justynianie";"M";"3"
"Kacper";"Kacprze";"M";"2"
"Kaja";"Kajo";"K";"2"
"Kajetan";"Kajetanie";"M";"3"
"Kajus";"Kajusie";"M";"2"
"Kalasanty";"Kalasanty";"M";"4"
"Kalikst";"Kaliksty";"M";"3"
"Kaliksta";"Kaliksto";"K";"3"
"Kalina";"Kalino";"K";"3"
"Kalistrat";"Kalistarcie";"M";"3"
"Kallina";"Kallino";"K";"3"
"Kamelia";"Kamelio";"K";"3"
"Kamil";"Kamilu";"M";"2"
"Kamila";"Kamilo";"K";"3"
"Kandyd";"Kandydzie";"M";"2"
"Kanizjusz";"Kanizjuszu";"M";"3"
"Kanut";"Kanucie";"M";"2"
"Karena";"Kareno";"K";"3"
"Karina";"Karino";"K";"3"
"Karol Boromeusz";"Karolu Boromeuszu";"M";"6"
"Karol";"Karolu";"M";"2"
"Karolin";"Karolinie";"M";"3"
"Karolina";"Karolino";"K";"4"
"Karp";"Kaprie";"M";"1"
"Kasjan";"Kasjanie";"M";"2"
"Kasjana";"Kasjanno";"K";"3"
"Kasper";"Kasprze";"M";"2"
"Kastor";"Kastorze";"M";"2"
"Katarzyna";"Katarzyno";"K";"4"
"Kazimiera";"Kazimiero";"K";"4"
"Kazimierz";"Kazimierzu";"M";"3"
"Kiejstut";"Kiejstucie";"M";"2"
"Kilian";"Kilianie";"M";"2"
"Kinga";"Kingo";"K";"2"
"Kir";"Kirze";"M";"1"
"Kira";"Kiro";"K";"2"
"Kirył";"Kirylu";"M";"2"
"Klara";"Klaro";"K";"2"
"Klarysa";"Klaryso";"K";"3"
"Klaudia";"Klaudio";"K";"2"
"Klaudian";"Klaudianie";"M";"2"
"Klaudiusz";"Klaudiuszu";"M";"2"
"Klaudyna";"Klaudyno";"K";"3"
"Klemencja";"Klemencjo";"K";"3"
"Klemens";"Klemensie";"M";"2"
"Klement";"Klementynie";"M";"2"
"Klementyn";"Klementynie";"M";"3"
"Klementyna";"Klementyno";"K";"4"
"Kleofas";"Kleofasie";"M";"3"
"Kleopatra";"Kleopatro";"K";"4"
"Klet";"Klecie";"M";"1"
"Klotylda";"Klotyldo";"K";"3"
"Koleta";"Koleto";"K";"3"
"Kolombina";"Kolombio";"K";"4"
"Kondrat";"Kondracie";"M";"2"
"Konrad";"Konradzie";"M";"2"
"Konrada";"Konrado";"K";"3"
"Konradyn";"Konradynie";"M";"3"
"Konradyna";"Konradyno";"K";"4"
"Konstancja";"Konstancjo";"K";"3"
"Konstancjusz";"Konstancjuszu";"M";"3"
"Konstans";"Konstansie";"M";"2"
"Konstanty";"Konstanty";"M";"3"
"Konstantyn";"Konstantynie";"M";"3"
"Kordelia";"Kordelio";"K";"3"
"Kordian";"Kordianie";"M";"2"
"Kordula";"Korulo";"K";"3"
"Kornel";"Kornelu";"M";"2"
"Korneli";"Korneli";"M";"3"
"Kornelia";"Kornelio";"K";"3"
"Korneliusz";"Korneliuszu";"M";"3"
"Kosma";"Kosmo";"M";"2"
"Kryspin";"Kryspinie";"M";"2"
"Kryspina";"Kryspiono";"K";"3"
"Krystian";"Krystianie";"M";"2"
"Krystiana";"Krystianno";"K";"3"
"Krystyn";"Krystynie";"M";"2"
"Krystyna";"Krystyno";"K";"3"
"Krzesimir";"Krzesimirze";"M";"3"
"Krzesisław";"Krzesisławie";"M";"3"
"Krzesisława";"Krzesisławo";"K";"4"
"Krzysztof";"Krzysztofie";"M";"2"
"Krzywosąd";"Krzywosądzie";"M";"3"
"Ksawera";"Ksawero";"K";"3"
"Ksawery";"Ksawery";"M";"3"
"Ksaweryna";"Ksaweryno";"K";"4"
"Ksenia";"Kseniu";"K";"2"
"Ksenofont";"Ksenofoncie";"M";"3"
"Kunegunda";"Kunegundo";"K";"4"
"Kwiatosława";"Kwiatosławo";"K";"4"
"Kwiryn";"Kwirynie";"M";"2"
"Kwiryna";"Kwiryno";"K";"3"
"Lambert";"Lambercie";"M";"2"
"Lamberta";"Lamberto";"K";"3"
"Larysa";"Laryso";"K";"3"
"Laura";"Lauro";"K";"3"
"Laurencja";"Laurencjo";"K";"4"
"Laurencjusz";"Laurencjuszu";"M";"4"
"Laurenty";"Lautenty";"M";"4"
"Laurentyn";"Laurentynie";"M";"4"
"Laurentyna";"Laurentyno";"K";"5"
"Laza";"Lazo";"K";"2"
"Lea";"Leo";"K";"2"
"Leander";"Leandrze";"M";"3"
"Lech";"Lechu";"M";"1"
"Lechosław";"Lechosławie";"M";"3"
"Lechosława";"Lechosławo";"K";"4"
"Lena";"Leno";"K";"2"
"Lenart";"Lenardzie";"M";"2"
"Leodegar";"Leodegardzie";"M";"4"
"Leokadia";"Leokadio";"K";"4"
"Leon";"Leonie";"M";"2"
"Leona";"Loeono";"K";"3"
"Leonard";"Leonardzie";"M";"3"
"Leonarda";"Leonardo";"K";"4"
"Leoncjusz";"Leoncjuszu";"M";"3"
"Leonia";"Loenio";"K";"3"
"Leonid";"Leonidzie";"M";"3"
"Leonida";"Leonido";"K";"4"
"Leonidas";"Leonidasie";"M";"4"
"Leontyna";"Leontyno";"K";"4"
"Leopard";"Leopardzie";"M";"3"
"Leopold";"Leopoldzie";"M";"3"
"Leopoldyna";"Leopoldyno";"K";"5"
"Lesław";"Lesławie";"M";"2"
"Lesława";"Lesławo";"K";"3"
"Leszek";"Leszku";"M";"2"
"Lew";"Lwie";"M";"1"
"Lewin";"Lewinie";"M";"2"
"Liberat";"Liberacie";"M";"3"
"Liberata";"Liberato";"K";"4"
"Libert";"Libercie";"M";"2"
"Liboriusz";"Liboriuszu";"M";"3"
"Lidia";"Lidio";"K";"2"
"Ligia";"Ligio";"K";"2"
"Lilian";"Lilianie";"M";"2"
"Liliana";"Liliano";"K";"3"
"Lilianna";"Lilianno";"K";"3"
"Lilla";"Lillo";"K";"2"
"Linda";"Lindo";"K";"2"
"Liwia";"Liwio";"K";"2"
"Liwiusz";"Liwiuszu";"M";"2"
"Liza";"Lizo";"K";"2"
"Loda";"Lodo";"K";"2"
"Lolita";"Lilito";"K";"3"
"Longin";"Longinie";"M";"2"
"Longina";"Longino";"K";"3"
"Longinus";"Longinusie";"M";"3"
"Loretta";"Loretto";"K";"3"
"Luba";"Lubo";"K";"2"
"Lubogost";"Lubogoście";"M";"3"
"Lubomierz";"Lubomierzu";"M";"3"
"Lubomir";"Lubomirze";"M";"3"
"Lubomira";"Lubomiro";"K";"4"
"Lubomysł";"Lubomyślu";"M";"3"
"Lubor";"Luborze";"M";"2"
"Lubosław";"Lubosławie";"M";"3"
"Lubosza";"Luboszu";"K";"3"
"Lucja";"Lucjo";"K";"2"
"Lucjan";"Lucjanie";"M";"2"
"Lucjol";"Lucjolu";"M";"2"
"Lucjola";"Lucjolu";"K";"3"
"Lucjusz";"Lucjuszu";"M";"3"
"Lucylla";"Lucyllo";"K";"3"
"Lucyna";"Lucyno";"K";"3"
"Ludgarda";"Ludgardo";"K";"3"
"Ludmiła";"Ludmiło";"K";"3"
"Ludomił";"Ludomirze";"M";"3"
"Ludomiła";"Ludomiło";"K";"4"
"Ludomir";"Ludomirze";"M";"3"
"Ludomira";"Ludomiro";"K";"4"
"Ludosław";"Ludosławie";"M";"3"
"Ludwik";"Ludwiku";"M";"2"
"Ludwika";"Ludwiko";"K";"3"
"Ludwina";"Ludwino";"K";"3"
"Luiza";"Luizo";"K";"3"
"Lukrecja";"Lukrecjo";"K";"3"
"Lutobor";"Lutoborze";"M";"3"
"Lutogniew";"Lutogniewie";"M";"3"
"Lutomir";"Lutomirze";"M";"3"
"Lutomysł";"Lutomyśle";"M";"3"
"Lutosław";"Lutosławie";"M";"3"
"Ładysław";"Ładysławie";"M";"3"
"Łazarz";"Łazarzu";"M";"2"
"Łękomir";"Łękomirze";"M";"3"
"Łucja";"Łucjo";"K";"2"
"Łucjan";"Łucjanie";"M";"2"
"Łucjusz";"Łucjuszu";"M";"2"
"Łukasz";"Łukaszu";"M";"2"
"Machabeusz";"Machabeuszu";"M";"4"
"Maciej";"Macieju";"M";"2"
"Madlena";"Madleno";"K";"3"
"Magda";"Magdo";"K";"2"
"Magdalena";"Magdaleno";"K";"4"
"Magnus";"Magnusie";"M";"2"
"Maja";"Majo";"K";"2"
"Makary";"Makary";"M";"3"
"Maksym";"Maksymie";"M";"2"
"Maksymilian";"Maksymilianie";"M";"4"
"Maksymin";"Maksymie";"M";"3"
"Malina";"Malino";"K";"3"
"Malkolm";"Malkolmie";"M";"2"
"Malwin";"Malwinie";"M";"2"
"Malwina";"Malwino";"K";"3"
"Małgorzata";"Małgorzato";"K";"4"
"Mamert";"Mamercie";"M";"2"
"Manfred";"Manfredzie";"M";"2"
"Manfreda";"Manfredo";"K";"3"
"Manswet";"Manswecie";"M";"2"
"Manuela";"Manuelo";"K";"4"
"Marcel";"Marceli";"M";"2"
"Marcela";"Marcelo";"K";"3"
"Marceli";"Marceli";"M";"3"
"Marcelin";"Marcelinie";"M";"3"
"Marcelina";"Marcelino";"K";"4"
"Marcin";"Marcinie";"M";"2"
"Marcjal";"Marcjalnie";"M";"2"
"Marcjan";"Marcjanie";"M";"2"
"Marcjanna";"Marcjanno";"K";"3"
"Marek";"Marku";"M";"2"
"Margareta";"Margareto";"K";"4"
"Maria Magdalena";"Mario Magdaleno";"K";"6"
"Maria";"Mario";"K";"2"
"Marian";"Marianie";"M";"2"
"Marianna";"Marianno";"K";"3"
"Marietta";"Marietto";"K";"3"
"Marika";"Mariko";"K";"3"
"Marina";"Marino";"K";"3"
"Mariola";"Mariolo";"K";"3"
"Marita";"Marito";"K";"3"
"Mariusz";"Mariuszu";"M";"2"
"Marlena";"Marleno";"K";"3"
"Marta";"Marto";"K";"2"
"Martyn";"Martynie";"M";"2"
"Martyna";"Martyno";"K";"3"
"Martynian";"Martynianie";"M";"3"
"Maryla";"Marylo";"K";"3"
"Maryna";"Maryno";"K";"3"
"Marzanna";"Marzanno";"K";"3"
"Marzena";"Marzeno";"K";"3"
"Masław";"Masławie";"M";"2"
"Materna";"Materno";"K";"3"
"Mateusz";"Mateuszu";"M";"3"
"Matron";"Matronie";"M";"2"
"Matylda";"Matyldo";"K";"3"
"Maur";"Maurze";"M";"2"
"Maura";"Mauro";"K";"3"
"Maurycy";"Maurycy";"M";"4"
"Mauryn";"Maurynie";"M";"3"
"Mechtylda";"Machtyldo";"K";"3"
"Medard";"Medardzie";"M";"2"
"Melania";"Melanio";"K";"3"
"Melchior";"Melchiorze";"M";"2"
"Metoda";"Metodo";"K";"3"
"Metody";"Metody";"M";"3"
"Męcimir";"Męcimirze";"M";"3"
"Michalina";"Michalino";"K";"4"
"Michał";"Michale";"M";"2"
"Mieczysław";"Mieczysławie";"M";"3"
"Mieczysława";"Mieczysławo";"K";"4"
"Mieszko";"Mieszko";"M";"2"
"Mikołaj";"Mikołaju";"M";"3"
"Milena";"Mileno";"K";"3"
"Milenia";"Milenio";"K";"3"
"Miligost";"Miligoscie";"M";"3"
"Miła";"Miło";"K";"2"
"Miłogost";"Miłogoście";"M";"3"
"Miłorad";"Miłoradzie";"M";"3"
"Mirosław";"Mirosławie";"M";"3"
"Mirosława";"Mirosławo";"K";"4"
"Miłosz";"Miłoszu";"M";"2"
"Miłowan";"Miłowanie";"M";"3"
"Miłowit";"Miłowicie";"M";"3"
"Mina";"Mino";"K";"2"
"Mindora";"Mindoro";"K";"3"
"Minodora";"Minodoro";"K";"4"
"Mira";"Miro";"K";"2"
"Mirabella";"Mirabello";"K";"4"
"Miranda";"Mirando";"K";"3"
"Mirella";"Mirello";"K";"3"
"Mirogniew";"Mirogniewie";"M";"3"
"Miromir";"Miromirze";"M";"3"
"Miron";"Mironie";"M";"2"
"Mironieg";"Mironiegu";"M";"3"
"Mironiega";"Mironiego";"K";"4"
"Miłosław";"Miłosławie";"M";"3"
"Miłosława";"Miłosławo";"K";"4"
"Modest";"Modeście";"M";"2"
"Modesta";"Modesto";"K";"3"
"Mojmir";"Mojmirze";"M";"2"
"Mokij";"Mokiju";"M";"2"
"Monika";"Moniko";"K";"3"
"Morzysław";"Morzysławie";"M";"3"
"Mścibor";"Mściborze";"M";"2"
"Mścigniew";"Mścigniewie";"M";"2"
"Mścisław";"Mścisławie";"M";"2"
"Mścisława";"Mścisławo";"K";"3"
"Mściwój";"Msciwoju";"M";"2"
"Myślibor";"Myśliborze";"M";"3"
"Myślimir";"Myślimirze";"M";"3"
"Naczesław";"Naczesławie";"M";"3"
"Nadbor";"Nadborze";"M";"2"
"Nadia";"Nadio";"K";"2"
"Nadmir";"Nadmir";"M";"2"
"Nadzieja";"Nadziejo";"K";"3"
"Namysław";"Namysławie";"M";"3"
"Napoleon";"Napoleonie";"M";"4"
"Narcyz";"Narcyzie";"M";"2"
"Narcyza";"Narcyzo";"K";"3"
"Natalia";"Natalio";"K";"3"
"Natalis";"Natalisie";"M";"3"
"Natasza";"Nataszo";"K";"3"
"Naum";"Naumie";"M";"2"
"Nawoj";"Nawoju";"M";"2"
"Nelly";"Nelly";"M";"2"
"Nemezjusz";"Nemezjuszu";"M";"3"
"Nestor";"Nestorze";"M";"2"
"Nicefor";"Niceforze";"M";"3"
"Niecisław";"Niecisławie";"M";"3"
"Niedamir";"Niedamirze";"M";"3"
"Niegomir";"Niegomirze";"M";"3"
"Niegosław";"Niegosławie";"M";"3"
"Niegosława";"Niegosławo";"K";"4"
"Niemir";"Niemirze";"M";"2"
"Niezamysł";"Niezamyśle";"M";"3"
"Nieznamir";"Niezamirze";"M";"3"
"Nikanor";"Niekanorze";"M";"3"
"Nikifor";"Nikiforze";"M";"3"
"Nikita";"Nikito";"K";"3"
"Nikodem";"Nikodemie";"M";"3"
"Nimfa";"Nimfo";"K";"2"
"Nina";"Nino";"K";"2"
"Ninogniew";"Ninogniewie";"M";"3"
"Ninomysł";"Ninomyśle";"M";"3"
"Noe";"Noe";"M";"2"
"Nonna";"Nonna";"K";"2"
"Nora";"Noro";"K";"2"
"Norbert";"Norbercie";"M";"2"
"Norberta";"Norberto";"K";"3"
"Norma";"Normo";"K";"2"
"Norman";"Normanie";"M";"2"
"Nosisław";"Nosisławie";"M";"2"
"Oda";"Odo";"K";"2"
"Odil";"Odilu";"M";"2"
"Odila";"Odilo";"K";"3"
"Odilla";"Odillo";"K";"3"
"Odo";"Odo";"M";"2"
"Odon";"Odonie";"M";"2"
"Odyseusz";"Odyseuszu";"M";"4"
"Ofelia";"Ofelio";"K";"3"
"Oksana";"Oksano";"K";"3"
"Oktawia";"Oktawio";"K";"3"
"Oktawian";"Oktawianie";"M";"3"
"Oktawiusz";"Oktawiuszu";"M";"3"
"Olaf";"Olafie";"M";"2"
"Olech";"Olechu";"M";"2"
"Oleg";"Olegu";"M";"2"
"Olga";"Olgo";"K";"2"
"Olgierd";"Olgierdzie";"M";"2"
"Olimpia";"Olimpio";"K";"3"
"Oliwia";"Oliwio";"K";"3"
"Oliwier";"Oliwierze";"M";"3"
"Onufry";"Onufry";"M";"3"
"Orchidea";"Orchideo";"K";"4"
"Orestes";"Orestes";"M";"3"
"Orfeusz";"Orfeuszu";"M";"3"
"Oriana";"Orianno";"K";"3"
"Oskar";"Oskarze";"M";"2"
"Ostap";"Ostapie";"M";"2"
"Oswald";"Oswaldzie";"M";"2"
"Oswalda";"Oswaldo";"K";"3"
"Otomar";"Otomarze";"M";"3"
"Otto";"Otto";"M";"2"
"Otton";"Ottonie";"M";"2"
"Otylia";"Otylio";"K";"3"
"Ozanna";"Ozanno";"K";"3"
"Pafnucy";"Pafnucy";"M";"3"
"Pakosław";"Pakosławie";"M";"3"
"Pakosz";"Pakoszu";"M";"2"
"Paloma";"Palomo";"K";"3"
"Pankracy";"Pankracy";"M";"3"
"Pantaleon";"Pantaleonie";"M";"4"
"Paramon";"Paramonie";"M";"3"
"Parys";"Parysie";"M";"2"
"Paschalis";"Paschalisie";"M";"3"
"Patrycja";"Patrycjo";"K";"3"
"Patrycjusz";"Patrycjuszu";"M";"3"
"Patrycy";"Patrycy";"M";"3"
"Patryk";"Patryku";"M";"2"
"Paula";"Paulo";"K";"2"
"Paulin";"Paulinie";"M";"2"
"Paulina";"Paulino";"K";"3"
"Paweł";"Pawle";"M";"2"
"Pelagia";"Pelagio";"K";"3"
"Pelagiusz";"Pelagiuszu";"M";"3"
"Perpetua";"Perpetuo";"K";"4"
"Petronela";"Petronelio";"K";"4"
"Petronia";"Petroniu";"K";"3"
"Petroniusz";"Petroniuszu";"M";"3"
"Pęcisław";"Pęcisławie";"M";"3"
"Pęcisława";"Pęcisławo";"K";"4"
"Pękosław";"Pękosławie";"M";"3"
"Pia";"Pia";"K";"1"
"Pimen";"Pimenie";"M";"2"
"Piotr";"Piotrze";"M";"1"
"Pius";"Piusie";"M";"1"
"Placyd";"Placydzie";"M";"2"
"Placydia";"Placydio";"K";"3"
"Platon";"Platonie";"M";"2"
"Pola";"Polu";"K";"2"
"Polikarp";"Polikarpie";"M";"3"
"Pompejusz";"Pompejuszu";"M";"3"
"Porfirion";"Porfirionie";"M";"3"
"Potencjana";"Potencjano";"K";"4"
"Prakseda";"Praksendo";"K";"3"
"Priam";"Priamie";"M";"1"
"Probus";"Probusie";"M";"2"
"Prochor";"Prochorze";"M";"2"
"Prokop";"Prokopie";"M";"2"
"Prosimir";"Prosimirze";"M";"3"
"Prosper";"Prosperze";"M";"3"
"Prot";"Procie";"M";"1"
"Protazy";"Protazy";"M";"3"
"Prudencjusz";"Prodencjuszu";"M";"3"
"Pryska";"Prysko";"K";"2"
"Przecław";"Przecławie";"M";"2"
"Przecława";"Przecławo";"K";"3"
"Przedbor";"Przedborze";"M";"2"
"Przedpełk";"Przedpeku";"M";"2"
"Przedwoj";"Przedwoju";"M";"2"
"Przemił";"Przemile";"M";"2"
"Przemysł";"Przemyślu";"M";"2"
"Przemysław";"Przemysławie";"M";"3"
"Przesław";"Przesławie";"M";"2"
"Przybyczest";"Przybyczeście";"M";"3"
"Przybygniew";"Przybygniewie";"M";"3"
"Przybymir";"Przybymirze";"M";"3"
"Przybyrad";"Przybradzie";"M";"3"
"Przybysław";"Przybysławie";"M";"3"
"Przybysława";"Przybysławo";"K";"4"
"Przybywoj";"Przybywoju";"M";"3"
"Pudecjanna";"Pudecjanno";"K";"4"
"Pudens";"Pudensie";"M";"2"
"Pulcheria";"Pulcherio";"K";"3"
"Racibor";"Raciborze";"M";"3"
"Racimir";"Racimirze";"M";"3"
"Racisław";"Racisławie";"M";"3"
"Radek";"Radku";"M";"2"
"Radociech";"Radociechu";"M";"3"
"Radogost";"Radogościu";"M";"3"
"Radomił";"Radomirze";"M";"3"
"Radomiła";"Radomiło";"K";"4"
"Radomir";"Radomirze";"M";"3"
"Radomysł";"Radomyślu";"M";"3"
"Radosław";"Radosławie";"M";"3"
"Radosława";"Radosławo";"K";"4"
"Radowid";"Radowidzie";"M";"3"
"Radowit";"Radowicie";"M";"3"
"Radzim";"Rzdzimie";"M";"2"
"Radzimierz";"Radzimierzu";"M";"3"
"Radzimir";"Radzimirze";"M";"3"
"Radzisław";"Radzisławie";"M";"3"
"Radzisława";"Radzisławo";"K";"4"
"Radziwoj";"Radziwoju";"M";"3"
"Rafael";"Rafaelu";"M";"3"
"Rafaela";"Rafaelo";"K";"4"
"Rafał";"Rafale";"M";"2"
"Rainer";"Rainerze";"M";"2"
"Raissa";"Raisso";"K";"2"
"Rajmund";"Rajmundzie";"M";"2"
"Rajmunda";"Rajmundo";"K";"3"
"Rajnold";"Rajnoldzie";"M";"2"
"Ramon";"Ramonie";"M";"2"
"Ramona";"Ramono";"K";"3"
"Rebeka";"Rebeko";"K";"3"
"Redogort";"Redogorcie";"M";"3"
"Regina";"Regino";"K";"3"
"Reinhold";"Reinholdzie";"M";"2"
"Remigiusz";"Remigiuszu";"M";"3"
"Rena";"Reno";"K";"2"
"Renat";"Renacie";"M";"2"
"Renata";"Renato";"K";"3"
"RenÃ©";"RenÃ©";"M";"2"
"Rita";"Rito";"K";"2"
"Robert";"Robercie";"M";"2"
"Roberta";"Roberto";"K";"3"
"Roch";"Rochu";"M";"1"
"Roderyk";"Roderyku";"M";"3"
"Rodryg";"Rodrydzie";"M";"2"
"Rodryk";"Rodryku";"M";"2"
"Roger";"Rogerze";"M";"2"
"Roksana";"Roksano";"K";"3"
"Roland";"Rolandzie";"M";"2"
"Roma";"Romo";"K";"2"
"Roman";"Romanie";"M";"2"
"Romana";"Romano";"K";"3"
"Romeo";"Romeo";"M";"2"
"Romuald";"Romualdzie";"M";"3"
"Ronald";"Ronaldzie";"M";"2"
"Rościgniew";"Rościgniewie";"M";"3"
"Rościmir";"Rościmirze";"M";"3"
"Rościsław";"Rościsławie";"M";"3"
"Rościsława";"Rościsławo";"K";"4"
"Rozalia";"Rozalio";"K";"3"
"Rozanna";"Rozanno";"K";"3"
"Rozyna";"Rozyno";"K";"3"
"Róża";"Różo";"K";"2"
"Rudolf";"Rudolfie";"M";"2"
"Rudolfa";"Rudolfo";"K";"3"
"Rudolfina";"Rudolfino";"K";"4"
"Rufin";"Rufinie";"M";"2"
"Rufina";"Rufino";"K";"3"
"Rufus";"Rufusie";"M";"2"
"Rupert";"Rupercie";"M";"2"
"Ruprecht";"Ruprechcie";"M";"2"
"Ruta";"Ruto";"K";"2"
"Rygobert";"Rygobercie";"M";"3"
"Ryszard";"Ryszardzie";"M";"2"
"Ryszarda";"Ryszardo";"K";"3"
"Saba";"Sabo";"K";"2"
"Sabin";"Sabinie";"M";"2"
"Sabina";"Sabino";"K";"3"
"Salome";"Salome";"K";"3"
"Salomea";"Salomeo";"K";"4"
"Salomon";"Salomonie";"M";"3"
"Salwator";"Salwatorze";"M";"3"
"Salwin";"Salwinie";"M";"2"
"Sambor";"Samborze";"M";"2"
"Samson";"Samsonie";"M";"2"
"Samuel";"Samuelu";"M";"3"
"Samuela";"Samuelo";"K";"4"
"Sandra";"Sandro";"K";"2"
"Sara";"Saro";"K";"2"
"Saturnin";"Saturninie";"M";"3"
"Saturnina";"Saturnino";"K";"4"
"Sawa";"Sawo";"K";"2"
"Sawin";"Sawinie";"M";"2"
"Sądomir";"Sądomirze";"M";"3"
"Sądosław";"Sądosławie";"M";"3"
"Scholastyka";"Scholastyko";"K";"4"
"Sebald";"Sebaldzie";"M";"2"
"Sebastian";"Sebastianie";"M";"3"
"Sebastiana";"Sebastiano";"K";"4"
"Selma";"Selmo";"K";"2"
"Serafin";"Serafinie";"M";"3"
"Serafina";"Serafinio";"K";"4"
"Sergiusz";"Sergiuszu";"M";"2"
"Serwacy";"Serwacy";"M";"3"
"Sewer";"Sewerzy";"M";"2"
"Sewera";"Sewero";"K";"3"
"Sewerian";"Sewerianie";"M";"3"
"Seweryn";"Sewerynie";"M";"3"
"Seweryna";"Seweryno";"K";"4"
"Sądzimir";"Sądzimirze";"M";"3"
"Sędzisław";"Sędzisławie";"M";"3"
"Sędzisława";"Sędzisławo";"K";"4"
"Sędziwoj";"Sędziwoju";"M";"3"
"Sieciech";"Sieciechu";"M";"2"
"Sieciesław";"Sieciesławie";"M";"3"
"Sieciesława";"Sieciesławo";"K";"4"
"Siemiodrog";"Siemiodrodzie";"M";"3"
"Siemirad";"Siemieradzie";"M";"3"
"Siemisław";"Siemiesławie";"M";"3"
"Siemomysł";"Siemomyślu";"M";"3"
"Siemowit";"Siemowicie";"M";"3"
"Sierosław";"Sierosławie";"M";"3"
"Sierosława";"Sierosławo";"K";"4"
"Siestrzemił";"Siestrzemilu";"M";"3"
"Siestrzewit";"Siestrzewicie";"M";"3"
"Skarbimierz";"Skarbmierzu";"M";"3"
"Skarbimir";"Skarbmirze";"M";"3"
"Sława";"Sławo";"K";"2"
"Sławobor";"Sławoborze";"M";"3"
"Sławoj";"Sławoju";"M";"2"
"Sławomir";"Sławomirze";"M";"3"
"Sławomira";"Sławomiro";"K";"4"
"Sławosz";"Sławoszu";"M";"2"
"Sobiesąd";"Sobiesądzie";"M";"3"
"Sobiesław";"Sobiesławie";"M";"3"
"Sobiesława";"Sobiesławo";"K";"4"
"Sofia";"Sofio";"K";"2"
"Sofroniusz";"Sofroniuszu";"M";"3"
"Sonia";"Soniu";"K";"2"
"Soter";"Soterze";"M";"2"
"Sozant";"Sozancie";"M";"2"
"Spirydion";"Spirydionie";"M";"3"
"Spycigniew";"Spycigniewie";"M";"3"
"Spycimir";"Spycimirze";"M";"3"
"Spycisław";"Spycisławie";"M";"3"
"Stanimir";"Stanimirze";"M";"3"
"Stanisław";"Stanisławie";"M";"3"
"Stanisława";"Stanisławo";"K";"4"
"Stefan";"Stefanie";"M";"2"
"Stefania";"Stefanio";"K";"3"
"Stella";"Stello";"K";"2"
"Stojgniew";"Stojgniewie";"M";"2"
"Stojmir";"Stojmirze";"M";"2"
"Stojsław";"Stojsławie";"M";"2"
"Stosław";"Stosławie";"M";"2"
"Stronisław";"Stronisławie";"M";"3"
"Stronisława";"Stronisławo";"K";"4"
"Strzeżymir";"Strzeżymirze";"M";"3"
"Strzeżysław";"Strzeżysławie";"M";"3"
"Strzeżysława";"Strzeżysławo";"K";"4"
"Strzeżywoj";"Strzeżywoju";"M";"3"
"Sulibor";"Suliborze";"M";"3"
"Sulimiera";"Sulimiero";"K";"4"
"Sulimierz";"Sulimierzu";"M";"3"
"Sulimir";"Sulimirze";"M";"3"
"Sulirad";"Suliradzie";"M";"3"
"Sulisław";"Sulisławie";"M";"2"
"Sulisława";"Sulisławo";"K";"3"
"Suliwoj";"Suliwoju";"M";"3"
"Sulpicjusz";"Sulpiscjuszu";"M";"3"
"Swetłana";"Swetłano";"K";"3"
"Sybilla";"Sybillo";"K";"3"
"Sydonia";"Sydonino";"K";"3"
"Sykstus";"Sykstusie";"M";"2"
"Sylwan";"Sylwanie";"M";"2"
"Sylwana";"Sylwano";"K";"3"
"Sylweriusz";"Sylweriuszu";"M";"3"
"Sylwery";"Sylwesty";"M";"3"
"Sylwester";"Sylwestrze";"M";"3"
"Sylwia";"Sylwio";"K";"2"
"Sylwin";"Sylwinie";"M";"2"
"Sylwiusz";"Sylwiuszu";"M";"2"
"Symeon";"Symeonie";"M";"3"
"Symforiana";"Symforiano";"K";"4"
"Symplicjusz";"Symplicjuszu";"M";"3"
"Szarlota";"Szarloto";"K";"3"
"Szczepan";"Szczepanie";"M";"2"
"Szczęsna";"Szczęsna";"K";"2"
"Szczęsny";"Szczęsny";"M";"2"
"Szeliga";"Szeligo";"K";"3"
"Szwieciech";"Szwieciechy";"M";"3"
"Szymon";"Szymonie";"M";"2"
"Szymoneta";"Szymoneto";"K";"4"
"Ścibor";"Ściborze";"M";"2"
"Ścibora";"Ściboro";"K";"3"
"Światozar";"Światozarze";"M";"3"
"Świeciech";"Świeciechu";"M";"2"
"Święcimir";"Święcimirze";"M";"3"
"Świętobor";"Świętoborze";"M";"3"
"Świętochna";"Świętochno";"K";"3"
"Świętomir";"Świętomirze";"M";"3"
"Świętomira";"Świętomiro";"K";"4"
"Świętopełk";"Świetopełku";"M";"3"
"Świętosław";"Świętosławie";"M";"3"
"Świętosława";"Świętosławo";"K";"4"
"Tacjana";"Tacjano";"K";"3"
"Tacjanna";"Tacjanno";"K";"3"
"Tacjusz";"Tacjuszu";"M";"2"
"Tadeusz";"Tadeuszu";"M";"3"
"Taida";"Taido";"K";"3"
"Tamara";"Tamara";"K";"3"
"Taras";"Tarasie";"M";"2"
"Tatiana";"Tatiano";"K";"3"
"Tekla";"Teklo";"K";"2"
"Telesfor";"Telesforze";"M";"3"
"Telimena";"Telimeno";"K";"4"
"Telisława";"Telisławie";"K";"4"
"Teobald";"Teobaldzie";"M";"3"
"Teodor";"Teodorze";"M";"3"
"Teodora";"Teodoro";"K";"4"
"Teodoryka";"Teodoryko";"K";"5"
"Teodozja";"Teodozjo";"K";"4"
"Teodozjusz";"Teodozjuszu";"M";"4"
"Teofil";"Teofilu";"M";"3"
"Teofila";"Teofilo";"K";"4"
"Terencjusz";"Terencjuszu";"M";"3"
"Teresa";"Tereso";"K";"3"
"Tezeusz";"Tezeuszu";"M";"3"
"Tęgomir";"Tęgomirze";"M";"3"
"Tobiasz";"Tobiszu";"M";"2"
"Toligniew";"Toligniewie";"M";"3"
"Tolimir";"Tolimirze";"M";"3"
"Tolisław";"Tolisławie";"M";"3"
"Tolisława";"Tolisławo";"K";"4"
"Toma";"Tomo";"K";"2"
"Tomasz";"Tomaszu";"M";"2"
"Tomił";"Tomilu";"M";"2"
"Tomir";"Tomirze";"M";"2"
"Tomira";"Tomiro";"K";"3"
"Tomisław";"Tomisławie";"M";"3"
"Tomisława";"Tomisławo";"K";"4"
"Torpet";"Torpecie";"M";"2"
"Toska";"Tosko";"K";"2"
"Tristan";"Tristianie";"M";"2"
"Trofim";"Trofimie";"M";"2"
"Trzebimir";"Trzebimirze";"M";"3"
"Trzebisław";"Trzebisławie";"M";"3"
"Trzebisława";"Trzebisławo";"K";"4"
"Trzebomysł";"Trzebomyślu";"M";"3"
"Trzebowit";"Trzebowicie";"M";"3"
"Twardosław";"Twardosławie";"M";"3"
"Tworzymir";"Tworzymirze";"M";"3"
"Tworzysław";"Tworzysławie";"M";"3"
"Tworzysława";"Tworzysławo";"K";"4"
"Tyberiusz";"Tyberiuszu";"M";"3"
"Tyburcjusz";"Tyburcjuszu";"M";"3"
"Tycjan";"Tycjanie";"M";"2"
"Tymon";"Tymonie";"M";"2"
"Tymoteusz";"Tymoteuszu";"M";"4"
"Tytus";"Tytusie";"M";"2"
"Ubald";"Ubaldzie";"M";"2"
"Ubysław";"Ubysławie";"M";"3"
"Ulrych";"Ulrychcie";"M";"2"
"Ulryk";"Ulryku";"M";"2"
"Ulryka";"Ulryko";"K";"3"
"Uniedrog";"Uniedogu";"M";"3"
"Uniegost";"Uiniegościu";"M";"3"
"Uniemysł";"Uniemyśle";"M";"3"
"Uniewit";"Wniewicie";"M";"3"
"Unimir";"Unimirze";"M";"3"
"Unisław";"Unisławie";"M";"3"
"Urban";"Urbanie";"M";"2"
"Ursyn";"Urcynie";"M";"2"
"Urszula";"Urszulo";"K";"3"
"Violetta";"Violetto";"K";"3"
"Wacław";"Wacławie";"M";"2"
"Wacława";"Wacławo";"K";"3"
"Wadim";"Wadimie";"M";"2"
"Waldemar";"Waldemarze";"M";"3"
"Walenty";"Walenty";"M";"3"
"Walentyn";"Walentynie";"M";"3"
"Walentyna";"Walentyno";"K";"4"
"Waleria";"Walerio";"K";"3"
"Walerian";"Walerianie";"M";"3"
"Waleriana";"Waleriano";"K";"4"
"Waleriusz";"Waleriuszu";"M";"3"
"Walery";"Walery";"M";"3"
"Walter";"Walterze";"M";"2"
"Wanda";"Wando";"K";"2"
"Warcisław";"Warcisławie";"M";"3"
"Warwara";"Warwaro";"K";"3"
"Wasyl";"Wasylu";"M";"2"
"Wawrzyniec";"Wawrzyńcu";"M";"3"
"Wenancjusz";"Wenacjuszu";"M";"3"
"Wendelin";"Wendelinie";"M";"3"
"Wenesa";"Waneso";"K";"3"
"Wera";"Wero";"K";"2"
"Werner";"Wernerze";"M";"2"
"Weronika";"Weroniko";"K";"3"
"Wespazjan";"Wespazjanie";"M";"3"
"Wiaczesław";"Wiaczesławie";"M";"3"
"Wielisław";"Wielisławie";"M";"3"
"Wielisława";"Wielisławo";"K";"4"
"Wieńczysław";"Wieńczysławie";"M";"3"
"Wiera";"Wiero";"K";"2"
"Wierzchosław";"Wierzchosławie";"M";"3"
"Wierzchosława";"Wierzchosławo";"K";"4"
"Wiesław";"Wiesławie";"M";"2"
"Wiesława";"Wiesławo";"K";"3"
"Więcemił";"Więcmile";"M";"3"
"Więcemiła";"Więcemiło";"K";"4"
"Więcemir";"Wiecemirze";"M";"3"
"Więcerad";"Więceradzie";"M";"3"
"Więcesław";"Więcesławie";"M";"3"
"Więcesława";"Wiecesławo";"K";"4"
"Wiktor";"Wiktorze";"M";"2"
"Wiktoria";"Wiktorio";"K";"3"
"Wiktorian";"Wiktorianie";"M";"3"
"Wiktoriusz";"Wiktoriuszu";"M";"3"
"Wiktoryn";"Wiktorynie";"M";"3"
"Wiktoryna";"Wiktoryno";"K";"4"
"Wilhelm";"Wilhelmie";"M";"2"
"Wilhelmina";"Wilhelmino";"K";"4"
"Wilibald";"Wilibaldzie";"M";"3"
"Wilma";"Wilmo";"K";"2"
"Wincenta";"Wncento";"K";"3"
"Wincenty";"Wincenty";"M";"3"
"Więczysław";"Więczysławie";"M";"3"
"Wiola";"Wiolu";"K";"2"
"Wioletta";"Wioletto";"K";"3"
"Wirgiliusz";"Wirgiliuszu";"M";"3"
"Wirginia";"Wirginio";"K";"3"
"Wirginiusz";"Wirginiuszu";"M";"3"
"Wisław";"Wisławie";"M";"2"
"Wisława";"Wisławo";"K";"2"
"Wit";"Wicie";"M";"1"
"Witalian";"Witalinie";"M";"3"
"Witalis";"Witalisie";"M";"3"
"Witold";"Witoldzie";"M";"2"
"Witolda";"Witoldo";"K";"3"
"Witołd";"Witołdzie";"M";"2"
"Witomił";"Witomile";"M";"3"
"Witomir";"Witomirze";"M";"3"
"Witosław";"Witosławie";"M";"3"
"Witosława";"Witosławo";"K";"4"
"Wiwanna";"Wiwanno";"K";"3"
"Władymir";"Władymirze";"M";"3"
"Władysław";"Władysławie";"M";"3"
"Władysława";"Władysławo";"K";"4"
"Włodzimierz";"Włodzimierzu";"M";"3"
"Włodzimir";"Włodzimirze";"M";"3"
"Włodzisław";"Włodzisławie";"M";"3"
"Włodzisława";"Włodzisławo";"K";"4"
"Włodziwoj";"Włodziwoju";"M";"3"
"Włościbor";"Włościborze";"M";"3"
"Włościsław";"Włościsławie";"M";"3"
"Włościsława";"Włościsławo";"K";"4"
"Wodzisław";"Wodzisławie";"M";"3"
"Wojbor";"Wojborze";"M";"2"
"Wojciech";"Wojciechu";"M";"2"
"Wojciecha";"Wojciecho";"K";"3"
"Wojmir";"Wojmirze";"M";"2"
"Wojsław";"Wojsławie";"M";"2"
"Wojsława";"Wojsławo";"K";"3"
"Wolfgang";"Wolfgangu";"M";"2"
"Wolimir";"Wolimirze";"M";"3"
"Wolmar";"Wolmarze";"M";"2"
"WrÃ³cimir";"WrÃ³cimirze";"M";"3"
"Wrócisław";"Wrócisławie";"M";"3"
"Wrócisława";"Wrócisławo";"K";"4"
"WrÃ³ciwoj";"WrÃ³ciwoju";"M";"3"
"Wrzesław";"Wrzesławie";"M";"2"
"Wrzesława";"Wrzesławo";"K";"3"
"Wszebąd";"Wszebądzie";"M";"2"
"Wszebor";"Wszeborze";"M";"2"
"Wszebora";"Wszeboro";"K";"3"
"Wszeciech";"Wszeciechu";"M";"2"
"Wszegniew";"Wszegniewie";"M";"2"
"Wszemił";"Wszemile";"M";"2"
"Wszemiła";"Wszemiło";"K";"3"
"Wszemir";"Wszemirze";"M";"2"
"Wyszemir";"Wyszemirze";"M";"3"
"Wyszeniega";"Wszeniego";"K";"4"
"Wyszesław";"Wyszesławie";"M";"3"
"Wyszesława";"Wyszesławo";"K";"4"
"Wyszomir";"Wyszomirze";"M";"3"
"Zachariasz";"Zachariaszu";"M";"3"
"Zacheusz";"Zacheuszu";"M";"3"
"Zawisza";"Zawiszo";"K";"3"
"Zbigniew";"Zbigniewie";"M";"2"
"Zbisław";"Zbisławie";"M";"2"
"Zbroimir";"Zbromirze";"M";"3"
"Zbrosław";"Zbrosławie";"M";"2"
"Zbygniew";"Zbygniewie";"M";"2"
"Zbylut";"Zbylucie";"M";"2"
"Zbysław";"Zbysławie";"M";"2"
"Zbysława";"Zbysławo";"K";"3"
"Zbyszko";"Zbyszko";"M";"2"
"Zdobysław";"Zdobysławie";"M";"3"
"Zdzibor";"Zdziborze";"M";"2"
"Zdzimir";"Zdzimirze";"M";"2"
"Zdzisław";"Zdzisławie";"M";"2"
"Zdzisława";"Zdzisławo";"K";"3"
"Zdziwoj";"Zdziwoju";"M";"2"
"Zefir";"Zafirze";"M";"2"
"Zefiryn";"Zefirynie";"M";"3"
"Zefiryna";"Zefiryno";"K";"4"
"Zelmira";"Zelmiro";"K";"3"
"Zenobia";"Zenobio";"K";"3"
"Zenobiusz";"Zenobiuszu";"M";"3"
"Zenon";"Zenonie";"M";"2"
"Zenona";"Zenono";"K";"3"
"Ziemisław";"Ziemisławie";"M";"3"
"Ziemowit";"Ziemowicie";"M";"3"
"Zofia";"Zofio";"K";"2"
"Zora";"Zoro";"K";"2"
"Zorian";"Zorianie";"M";"2"
"Zula";"Zulu";"K";"2"
"Zuzanna";"Zuzanno";"K";"3"
"Zygfryd";"Zygfrydzie";"M";"2"
"Zygmunt";"Zygmuncie";"M";"2"
"Zyta";"Zyto";"K";"2"
"Żaklina";"Żaklino";"K";"3"
"Żalina";"Żalino";"K";"3"
"Żaneta";"Żaneto";"K";"3"
"Żanna";"Żanno";"K";"2"
"Żegota";"Żegoto";"K";"3"
"Żelisław";"Żelisławie";"M";"3"
"Żyrosław";"Żyrosławie";"M";"3"
"Żytomir";"Żytomirze";"M";"3"
"Żywia";"Żywio";"K";"2"
"Żywisław";"Żysławie";"M";"3"
"Abdiasz";"Abdiaszu";"M";"2"
"Abigail";"Abigail";"K";"3"
"Amanda";"Amando";"K";"3"
"Asenat";"Asenacie";"M";"3"
"Barnabasz";"Barnabaszu";"M";"3"
"Batszeba";"Batszebo";"M";"3"
"Bazyl";"Bazylu";"M";"2"
"Boromeusz";"Boromeuszu";"M";"4"
"Chryzostom";"Chryzostomie";"M";"3"
"Dajana";"Dajano";"K";"3"
"Dalila";"Dalilo";"K";"3"
"Damaris";"Damarisie";"M";"3"
"Debora";"Deboro";"K";"3"
"Denis";"Denisie";"M";"2"
"Diomeda";"Diomedo";"K";"3"
"Donald";"Donaldzie";"M";"2"
"Edmunda";"Edmundo";"K";"3"
"Edwarda";"Edwardo";"K";"3"
"Eligia";"Eligio";"K";"3"
"Elizeusz";"Elizeuszu";"M";"3"
"Eunika";"Euniko";"K";"4"
"Ezdrasz";"Ezdraszu";"M";"2"
"Feliksa";"Feliksie";"K";"3"
"Goliat";"Goliacie";"M";"2"
"Gwalbert";"Gwalbercie";"M";"2"
"Hadrian";"Hadrianie";"M";"2"
"Halina";"Halino";"K";"3"
"Halka";"Halko";"K";"2"
"Halszka";"Halszko";"K";"2"
"Hanna";"Hanno";"K";"2"
"Harasym";"Harasymie";"M";"3"
"Hegezyp";"Hegezypie";"M";"3"
"Helena";"Heleno";"K";"3"
"Heliasz";"Heliaszu";"M";"2"
"Heliodor";"Heliodorze";"M";"3"
"Helmut";"Helmucie";"M";"2"
"Heloiza";"Heloizo";"K";"4"
"Henryk";"Henryku";"M";"2"
"Henryka";"Henryko";"K";"3"
"Herakles";"Heraklesie";"M";"3"
"Herakliusz";"Herakliuszu";"M";"3"
"Herbert";"Herbercie";"M";"2"
"Herkulan";"Herkulanie";"M";"3"
"Herkules";"Herkulesie";"M";"3"
"Herman";"Hermanie";"M";"2"
"Hermenegild";"Hermenegildzie";"M";"4"
"Hermenegilda";"Hermenegildo";"K";"5"
"Hermina";"Hermino";"K";"3"
"Herminia";"Herminino";"K";"3"
"Hiacynt";"Hiacyncie";"M";"2"
"Hiacynta";"Hiacynto";"K";"3"
"Hieronim";"Hieronimie";"M";"3"
"Hilaria";"Hilario";"K";"3"
"Hilary";"Hilary";"M";"3"
"Hildegarda";"Hildegardo";"K";"4"
"Hipolit";"Hipolicie";"M";"3"
"Hipolita";"Hipolito";"K";"4"
"Honorat";"Honoracie";"M";"3"
"Honorata";"Honorato";"K";"4"
"Honoriusz";"Honoriuszu";"M";"3"
"Honoryna";"Honoryno";"K";"4"
"Horacjusz";"Horacjuszu";"M";"3"
"Horacy";"Horacy";"M";"3"
"Hortensja";"Hortensjo";"K";"3"
"Hortensjusz";"Hortencjuszu";"M";"3"
"Hubert";"Hubercie";"M";"2"
"Huberta";"Hubero";"K";"3"
"Hugo";"Hugo";"M";"2"
"Hugon";"Hugonie";"M";"2"
"Hygin";"Hygino";"M";"2"
"Ingrid";"Ingrid";"K";"2"
"Izabella";"Izabelo";"K";"4"
"Izajasz";"Izajaszu";"M";"3"
"Jagna";"Jagno";"K";"2"
"Joel";"Joelu";"M";"2"
"Jolanda";"Jolanto";"K";"3"
"Jozue";"Jazue";"M";"3"
"Judasz";"Judaszu";"M";"2"
"Kain";"Kaimie";"M";"2"
"Kamilla";"Kamillo";"K";"3"
"Kanty";"Kanty";"M";"2"
"Karin";"Karinie";"M";"2"
"Karola";"Karolo";"K";"3"
"Kesja";"Kesjo";"K";"2"
"Kewin";"Kewinie";"M";"2"
"Klaus";"Klausie";"M";"1"
"Kondrad";"Kondradzie";"M";"2"
"Krzysztofa";"Krzysztofo";"K";"3"
"Ksymena";"Ksymeno";"K";"3"
"Kurt";"Kurcie";"M";"1"
"Leopolda";"Leopoldo";"K";"4"
"Lora";"Loro";"K";"2"
"Lubomiła";"Lubomiło";"K";"4"
"Mansfet";"Mansfecie";"M";"2"
"Margot";"Margot";"K";"2"
"Martynin";"Martyninie";"M";"3"
"Micheasz";"Micheaszu";"M";"3"
"Miriam";"Miriam";"K";"2"
"Mojżesz";"Mojżeszu";"M";"2"
"Nahum";"Nahumie";"M";"2"
"Natan";"Natanie";"M";"2"
"Natanael";"Natanaelu";"M";"4"
"Nehemiasz";"Nehemiaszu";"M";"4"
"Neomiła";"Noemiło";"K";"4"
"Nepomucen";"Nepomucenie";"M";"4"
"Niemira";"Niemiro";"K";"3"
"Noemi";"Noemi";"M";"3"
"Otniel";"Otnielu";"M";"2"
"Ozeasz";"Ozeaszu";"M";"3"
"Pakoszław";"Pakoszławie";"M";"3"
"Pamela";"Pamelo";"K";"3"
"Pryscylla";"Pryscyllo";"K";"3"
"Przemysława";"Przemysławo";"K";"4"
"Rachela";"Rachelo";"K";"3"
"Romualda";"Romualdo";"K";"4"
"Ruben";"Rubenie";"M";"2"
"Rut";"Rut";"M";"1"
"Salezy";"Salezy";"M";"3"
"Samanta";"Samanto";"K";"3"
"Saul";"Saul";"M";"2"
"Swietłana";"Swietłano";"K";"3"
"Tadeusza";"Tadeuszu";"K";"4"
"Talita";"Talito";"K";"3"
"Uriasz";"Uriaszu";"M";"2"
"Urlyk";"Urlyku";"M";"2"
"Waldemara";"Waldemaro";"K";"4"
"Wawrzyn";"Wawrzynie";"M";"2"
"Wincentyna";"Wincentyno";"K";"4"
"Winicjusz";"Winicjuszu";"M";"3"
"Witomysł";"Witomyśle";"M";"3"
"Wszerad";"Wszeradzie";"M";"2"
"Zbigniewa";"Zbigniewo";"K";"3"
"Zygfryda";"Zygfrydo";"K";"3"
"Hermenia";"Hermenio";"K";"3"
"Hermes";"Hermesie";"M";"2"
"Humbert";"Humbercie";"M";"2"